Node ID,tx,ty,tz,qx,qy,qz,qw
7,0,0,0,0,0,0,1
8,-0.2,0,0,0,0,0,1
9,-0.4,0,0,0,0,0,1
10,-0.6,0,0.1,0,0.4,0,0.9
11,,,,,,,
12,,,,,,,
13,,,,,,,
14,,,,,,,
15,,,,,,,
16,,,,,,,
17,,,,,,,
18,,,,,,,
19,,,,,,,
20,,,,,,,
21,,,,,,,
22,,,,,,,
23,-0.334003,0.239252,0.829421,-0.036934,0.00833136,0.997229,-0.0640365
24,-0.333162,0.23901,0.830862,-0.0365506,0.00866974,0.997221,-0.0643348
25,-0.332062,0.238901,0.831768,-0.0358864,0.00765379,0.997265,-0.0641615
26,-0.331575,0.238777,0.832079,-0.0371554,0.00930779,0.997186,-0.0644462
27,-0.332862,0.238183,0.832489,-0.0358777,0.010248,0.997226,-0.0644118
28,-0.336543,0.237243,0.835552,-0.0367551,0.00973264,0.997109,-0.065787
29,-0.339371,0.235297,0.834574,-0.0373979,0.0100436,0.997047,-0.0663149
30,-0.345338,0.23413,0.837399,-0.043901,0.00928779,0.996712,-0.0674615
31,-0.351839,0.232812,0.839414,-0.0485735,0.00840356,0.996448,-0.0682768
32,-0.359742,0.231641,0.843649,-0.0550367,0.0097557,0.995995,-0.0697883
33,-0.367074,0.229844,0.84621,-0.0551818,0.00765188,0.995826,-0.0722926
34,-0.376483,0.228179,0.84903,-0.0563335,0.0107606,0.99556,-0.0746452
35,-0.386873,0.226576,0.851375,-0.0567131,0.0105819,0.995373,-0.0768357
36,-0.396969,0.22458,0.852005,-0.0585762,0.0156265,0.995305,-0.0754464
37,-0.406986,0.223257,0.850928,-0.0575841,0.0147137,0.99535,-0.075796
38,-0.417367,0.222998,0.848975,-0.0573617,0.013603,0.995289,-0.0769637
39,-0.429582,0.223653,0.848634,-0.056195,0.0104887,0.995327,-0.0778234
40,-0.442059,0.224153,0.848307,-0.0560562,0.00903476,0.995324,-0.0781401
41,-0.455209,0.223599,0.847609,-0.0482593,0.00734591,0.995855,-0.0767493
42,-0.468867,0.222311,0.846462,-0.0453874,0.0143723,0.995994,-0.07569
43,-0.483578,0.220924,0.847677,-0.0421995,0.0142589,0.996029,-0.0770874
44,-0.493955,0.218659,0.841638,-0.0343301,0.0133914,0.996315,-0.0774544
45,-0.505977,0.215887,0.838884,-0.0300586,0.0111752,0.996339,-0.0792494
46,-0.51797,0.21276,0.837007,-0.0261778,0.0113564,0.996393,-0.0799159
47,-0.528449,0.210184,0.834383,-0.0241389,0.0107648,0.996377,-0.0808302
48,-0.538197,0.208624,0.833859,-0.0217497,0.00604768,0.996704,-0.0779194
49,-0.545733,0.207793,0.828883,-0.0195664,0.00592323,0.997008,-0.074542
50,-0.557606,0.20872,0.82875,-0.0249618,0.00870816,0.996939,-0.07358
51,-0.567676,0.209978,0.827572,-0.0281151,0.00865553,0.997076,-0.0705208
52,-0.582308,0.212561,0.82858,-0.0403276,0.00915287,0.996294,-0.0754137
53,-0.586373,0.213241,0.816178,-0.032101,0.012374,0.996627,-0.0745113
54,-0.604872,0.21615,0.82386,-0.0398268,0.00942729,0.995929,-0.0803099
55,-0.613255,0.219922,0.822017,-0.0376815,0.00355715,0.996217,-0.0782244
56,-0.624441,0.225536,0.81937,-0.0432448,0.00507997,0.9959,-0.0792963
57,-0.647653,0.231967,0.830084,-0.0626406,0.0228351,0.995045,-0.0737605
58,-0.660756,0.240654,0.834337,-0.0643305,0.0108817,0.994791,-0.0783165
59,-0.659747,0.248834,0.815887,-0.059475,0.0261709,0.994923,-0.0768565
60,-0.674081,0.258131,0.82444,-0.063158,0.0211415,0.994749,-0.0777066
61,-0.675279,0.266538,0.816133,-0.0588136,0.0291572,0.995076,-0.0742591
62,-0.67597,0.273208,0.811777,-0.0419238,0.0326188,0.996391,-0.0662072
63,-0.679126,0.280999,0.812484,-0.04216,0.0319935,0.996371,-0.0666609
64,-0.679126,0.280999,0.812484,-0.04216,0.0319935,0.996371,-0.0666609
65,-0.679126,0.280999,0.812484,-0.04216,0.0319935,0.996371,-0.0666609
66,-0.679126,0.280999,0.812484,-0.04216,0.0319935,0.996371,-0.0666609
67,-0.679126,0.280999,0.812484,-0.04216,0.0319935,0.996371,-0.0666609
68,-0.679126,0.280999,0.812484,-0.04216,0.0319935,0.996371,-0.0666609
69,-0.679126,0.280999,0.812484,-0.04216,0.0319935,0.996371,-0.0666609
70,-0.679126,0.280999,0.812484,-0.04216,0.0319935,0.996371,-0.0666609
71,-0.679126,0.280999,0.812484,-0.04216,0.0319935,0.996371,-0.0666609
72,-0.679126,0.280999,0.812484,-0.04216,0.0319935,0.996371,-0.0666609
73,-0.679126,0.280999,0.812484,-0.04216,0.0319935,0.996371,-0.0666609
74,-0.679126,0.280999,0.812484,-0.04216,0.0319935,0.996371,-0.0666609
75,-0.679126,0.280999,0.812484,-0.04216,0.0319935,0.996371,-0.0666609
76,-0.679126,0.280999,0.812484,-0.04216,0.0319935,0.996371,-0.0666609
77,-0.679126,0.280999,0.812484,-0.04216,0.0319935,0.996371,-0.0666609
78,-0.679126,0.280999,0.812484,-0.04216,0.0319935,0.996371,-0.0666609
79,-0.679126,0.280999,0.812484,-0.04216,0.0319935,0.996371,-0.0666609
80,-0.679126,0.280999,0.812484,-0.04216,0.0319935,0.996371,-0.0666609
81,-0.679126,0.280999,0.812484,-0.04216,0.0319935,0.996371,-0.0666609
82,-0.679126,0.280999,0.812484,-0.04216,0.0319935,0.996371,-0.0666609
83,-0.679126,0.280999,0.812484,-0.04216,0.0319935,0.996371,-0.0666609
84,-0.679126,0.280999,0.812484,-0.04216,0.0319935,0.996371,-0.0666609
85,-0.679126,0.280999,0.812484,-0.04216,0.0319935,0.996371,-0.0666609
86,-0.679126,0.280999,0.812484,-0.04216,0.0319935,0.996371,-0.0666609
87,-0.679126,0.280999,0.812484,-0.04216,0.0319935,0.996371,-0.0666609
88,-0.679126,0.280999,0.812484,-0.04216,0.0319935,0.996371,-0.0666609
89,-0.679126,0.280999,0.812484,-0.04216,0.0319935,0.996371,-0.0666609
90,-0.679126,0.280999,0.812484,-0.04216,0.0319935,0.996371,-0.0666609
91,-0.679126,0.280999,0.812484,-0.04216,0.0319935,0.996371,-0.0666609
92,-0.679126,0.280999,0.812484,-0.04216,0.0319935,0.996371,-0.0666609
93,-0.679126,0.280999,0.812484,-0.04216,0.0319935,0.996371,-0.0666609
94,-0.679126,0.280999,0.812484,-0.04216,0.0319935,0.996371,-0.0666609
95,-0.679126,0.280999,0.812484,-0.04216,0.0319935,0.996371,-0.0666609
96,-0.679126,0.280999,0.812484,-0.04216,0.0319935,0.996371,-0.0666609
97,-0.679126,0.280999,0.812484,-0.04216,0.0319935,0.996371,-0.0666609
98,-0.679126,0.280999,0.812484,-0.04216,0.0319935,0.996371,-0.0666609
99,-0.679126,0.280999,0.812484,-0.04216,0.0319935,0.996371,-0.0666609
100,-0.513984,0.484598,0.7903,-0.492797,0.271867,0.825202,-0.0477718
101,-0.49728,0.482433,0.804507,-0.0398323,0.0279386,0.997847,-0.0439743
102,-0.488636,0.482776,0.819448,-0.0621623,0.0172991,0.996954,-0.0438179
103,-0.473763,0.479136,0.790742,-0.516168,0.226786,0.824003,-0.0562043
104,-0.466659,0.479085,0.828502,-0.0702933,0.00865421,0.996144,-0.0517736
105,-0.446985,0.473455,0.821318,-0.073671,0.0151674,0.995924,-0.0497762
106,-0.414212,0.461623,0.797639,-0.0414895,0.00425999,0.998178,-0.0435941
107,-0.401298,0.457815,0.79889,-0.0391283,-2.82937E-05,0.998135,-0.0468546
108,-0.388565,0.453983,0.7979,-0.0414436,0.00762233,0.997843,-0.0503393
109,-0.369084,0.447285,0.785414,-0.0318632,0.0183678,0.998155,-0.048315
110,-0.355906,0.442959,0.785326,-0.0312494,0.017307,0.998094,-0.050327
111,-0.343742,0.439593,0.786488,-0.0335726,0.0176854,0.99785,-0.053438
112,-0.330461,0.436517,0.787184,-0.0282787,0.0154529,0.998111,-0.0523048
113,-0.315444,0.432385,0.781384,-0.020415,0.0174426,0.998279,-0.0521387
114,-0.303934,0.430063,0.783245,-0.0229218,0.0143828,0.998143,-0.0545808
115,-0.291834,0.426974,0.782074,-0.0234336,0.0168333,0.998108,-0.0543006
116,-0.28068,0.424285,0.781219,-0.0213548,0.00994072,0.998053,-0.0577552
117,-0.268539,0.420105,0.779107,-0.0209671,0.00256386,0.998142,-0.057144
118,-0.258557,0.416143,0.776532,-0.0187723,-0.00186566,0.998128,-0.0581731
119,-0.25104,0.413176,0.775522,-0.0196493,0.00190447,0.99817,-0.0571505
120,-0.243284,0.409613,0.771726,-0.0183587,-0.000582039,0.998205,-0.0570078
121,-0.23753,0.408046,0.768957,-0.0172591,0.000256814,0.998195,-0.057522
122,-0.231996,0.406874,0.766923,-0.0191223,0.00153766,0.998178,-0.057211
123,-0.225518,0.40586,0.763747,-0.0146206,0.00342401,0.998364,-0.0551671
124,-0.218593,0.405311,0.762461,-0.0102902,0.00321203,0.998493,-0.0538188
125,-0.211965,0.406025,0.761261,-0.00800898,0.00574601,0.998496,-0.05393
126,-0.205327,0.406311,0.759255,-0.00377956,0.00892867,0.998488,-0.0541144
127,-0.197953,0.406586,0.758901,-0.00197324,0.00895518,0.99838,-0.0561489
128,-0.188235,0.406181,0.759918,-0.000957259,0.00790088,0.998517,-0.0538511
129,-0.178313,0.406342,0.759815,0.000421638,0.00452661,0.998744,-0.0498914
130,-0.170521,0.408408,0.760992,6.4218E-06,0.00305333,0.998831,-0.0482364
131,-0.162219,0.409513,0.759636,0.00296095,0.000354891,0.998887,-0.047072
132,-0.154662,0.41101,0.758619,0.00237963,0.00175461,0.998862,-0.0476041
133,-0.147628,0.411974,0.75556,0.00490084,0.00487609,0.998799,-0.0485126
134,-0.143048,0.414146,0.754135,0.00724409,0.0100024,0.998618,-0.0510901
135,-0.138615,0.415666,0.752436,0.0090534,0.0114003,0.998538,-0.0520576
136,-0.134223,0.41689,0.751372,0.00923698,0.0130703,0.998521,-0.0519566
137,-0.12939,0.417556,0.750869,0.00810565,0.0105077,0.998576,-0.0516803
138,-0.124347,0.416919,0.749453,0.00693114,0.00908546,0.998649,-0.0506821
139,-0.120796,0.416694,0.749876,0.00468707,0.00968263,0.99861,-0.0515975
140,-0.117845,0.416537,0.750649,0.00385039,0.00857756,0.998482,-0.0542672
141,-0.114375,0.415581,0.748846,0.00549675,0.00948688,0.998363,-0.0561275
142,-0.110831,0.414887,0.748795,0.00583603,0.00966701,0.99828,-0.0575342
143,-0.106836,0.414237,0.749103,0.00451503,0.00776288,0.998306,-0.057481
144,-0.102932,0.413539,0.749021,0.00374259,0.0059317,0.998388,-0.0563263
145,-0.0991302,0.412936,0.748367,0.00399429,0.00605128,0.998396,-0.0561498
146,-0.0940694,0.411943,0.747572,0.00264704,0.0067117,0.998389,-0.0562741
147,-0.0876987,0.410391,0.746569,-0.00074759,0.00933112,0.998399,-0.0557803
148,-0.0805613,0.408568,0.745573,-0.00273435,0.00881076,0.998453,-0.0548343
149,-0.0733301,0.406599,0.74307,-0.00164139,0.0105717,0.998595,-0.051899
150,-0.0669365,0.406009,0.742757,-0.00314934,0.0101122,0.998697,-0.0499129
151,-0.0615614,0.405847,0.74125,-0.00433478,0.0121604,0.998742,-0.0484469
152,-0.0572677,0.405604,0.739494,-0.00746133,0.0155934,0.998631,-0.0493711
153,-0.0533428,0.405157,0.737845,-0.00929904,0.0185292,0.998472,-0.0512207
154,-0.0502459,0.404472,0.738306,-0.0107479,0.0171806,0.998385,-0.0530715
155,-0.0480177,0.404559,0.740751,-0.00914236,0.015668,0.998395,-0.053657
156,-0.0462344,0.40469,0.746111,-0.00910768,0.0140127,0.998331,-0.0552866
157,-0.0433912,0.403616,0.749054,-0.00758862,0.0135417,0.998293,-0.0563078
158,-0.040534,0.402786,0.752077,-0.00781986,0.0112013,0.998292,-0.0568021
159,-0.0375711,0.402026,0.753971,-0.00754983,0.00922074,0.998377,-0.0556864
160,-0.0344489,0.401122,0.756065,-0.0099773,0.00732781,0.998438,-0.0544755
161,-0.0324143,0.400237,0.757376,-0.0133072,0.00812298,0.998378,-0.0547559
162,-0.031,0.398723,0.757858,-0.0134529,0.00613417,0.998394,-0.0546857
163,-0.0304418,0.397419,0.758692,-0.0130015,0.00461871,0.998373,-0.0553339
164,-0.0305257,0.396346,0.759759,-0.012899,0.00427573,0.998303,-0.056627
165,-0.0307901,0.395364,0.760745,-0.0124138,0.00346069,0.998287,-0.0570762
166,-0.0303903,0.39411,0.760233,-0.0112975,0.00436754,0.998334,-0.0564092
167,-0.0293938,0.392613,0.759881,-0.0128826,0.00367878,0.998385,-0.0551999
168,-0.0285445,0.391215,0.760579,-0.0163787,0.00266442,0.998417,-0.0537327
169,-0.0272398,0.388581,0.758699,-0.0171589,0.00245815,0.99853,-0.0513466
170,-0.0265071,0.386106,0.759594,-0.0201747,0.00175822,0.998531,-0.0502588
171,-0.0254281,0.382479,0.758838,-0.0200114,0.00163625,0.998603,-0.048885
172,-0.0247089,0.378968,0.759647,-0.020778,0.00188104,0.998603,-0.0485535
173,-0.0238434,0.37562,0.760168,-0.020662,0.00315443,0.998594,-0.0487226
174,-0.0229485,0.372954,0.760534,-0.0188188,0.00174459,0.998649,-0.0484107
175,-0.0215899,0.370303,0.761115,-0.0178341,0.0014744,0.998736,-0.0469687
176,-0.0204408,0.367756,0.76177,-0.0177241,0.00183465,0.998764,-0.0463994
177,-0.0195671,0.365341,0.763696,-0.0192923,0.00161739,0.998757,-0.0459287
178,-0.018222,0.362358,0.763159,-0.0190285,0.00199915,0.998803,-0.0450085
179,-0.0170005,0.359791,0.764366,-0.0216219,0.000586252,0.998796,-0.0440319
180,-0.0154782,0.357102,0.764236,-0.0230115,0.00214124,0.998825,-0.0425917
181,-0.0143127,0.35428,0.767631,-0.0255975,-0.00311843,0.998768,-0.0423936
182,-0.0126255,0.350361,0.7695,-0.0259412,-0.00553177,0.998791,-0.0413826
183,-0.011091,0.346239,0.76988,-0.0283589,5.7765E-05,0.998847,-0.0387229
184,-0.00966704,0.342142,0.770424,-0.0329984,0.00142729,0.998813,-0.0358059
185,-0.00868618,0.338373,0.771123,-0.0379227,0.00296113,0.998754,-0.0322989
186,-0.00785521,0.334919,0.772408,-0.0463614,0.000933606,0.998437,-0.0311948
187,-0.00721592,0.33198,0.773511,-0.053659,-0.00425362,0.998084,-0.0305098
188,-0.00680273,0.329669,0.773989,-0.0615988,-0.00590934,0.997625,-0.0302346
189,-0.00677455,0.327083,0.775668,-0.0683911,-0.0111159,0.997119,-0.0308675
190,-0.00737612,0.324858,0.777624,-0.0717452,-0.0107571,0.996827,-0.0327513
191,-0.00795946,0.322663,0.778401,-0.0690691,-0.0122302,0.99693,-0.0347856
192,-0.00832341,0.320659,0.779194,-0.0668268,-0.00949159,0.997103,-0.0350576
193,-0.00848755,0.319021,0.780947,-0.0674816,-0.00937459,0.997019,-0.0362099
194,-0.00815078,0.317545,0.780825,-0.0653524,-0.00805634,0.997182,-0.0359555
195,-0.00826463,0.316822,0.782897,-0.0635541,-0.0130267,0.997192,-0.0374116
196,-0.00814183,0.31582,0.782286,-0.0581371,-0.0151667,0.997465,-0.0381143
197,-0.00871369,0.315444,0.780355,-0.0500437,-0.0109759,0.997896,-0.0397281
198,-0.00937211,0.314822,0.779191,-0.0392469,-0.0121176,0.998248,-0.0425874
199,-0.0100628,0.31406,0.779752,-0.0311841,-0.0124011,0.998428,-0.0448825
200,-0.00996519,0.312782,0.779563,-0.024139,-0.0116397,0.998578,-0.0460744
201,-0.00917945,0.31051,0.780214,-0.0189514,-0.010981,0.998675,-0.0465759
202,-0.00859388,0.308033,0.780359,-0.0172735,-0.00756065,0.998697,-0.047416
203,-0.00688887,0.304926,0.778496,-0.0161065,-0.00486601,0.998728,-0.0475231
204,-0.00502761,0.302299,0.779288,-0.0170199,-0.00576366,0.998685,-0.0480153
205,-0.00243718,0.300246,0.778985,-0.01877,-0.00269914,0.998671,-0.0479322
206,0.000459743,0.298366,0.78023,-0.0238931,-0.00481183,0.998565,-0.0476916
207,0.00427353,0.29659,0.780629,-0.0268159,-0.00547493,0.998527,-0.0468498
208,0.008854,0.294563,0.781927,-0.0294127,-0.00538229,0.998551,-0.0447374
209,0.013294,0.292766,0.784018,-0.0313743,-0.00628204,0.998559,-0.0430735
210,0.0168511,0.291169,0.785239,-0.0312194,-0.00857751,0.998588,-0.0421266
211,0.0196764,0.289177,0.785314,-0.0315892,-0.00591786,0.998626,-0.0413891
212,0.021128,0.287338,0.785595,-0.032042,-0.00552568,0.998603,-0.0416482
213,0.0216614,0.285196,0.785656,-0.0303503,-0.00492113,0.998655,-0.0417364
214,0.0218874,0.283385,0.785482,-0.0283159,-0.0063636,0.99869,-0.0421428
215,0.021401,0.282111,0.78635,-0.0267582,-0.0100067,0.99862,-0.0440771
216,0.0211255,0.280543,0.783914,-0.0202941,-0.0100775,0.998748,-0.0445921
217,0.020269,0.279129,0.780959,-0.0101256,-0.00878447,0.998827,-0.0465333
218,0.0193682,0.2775,0.775987,0.00173184,-0.00577459,0.998797,-0.0486645
219,0.018625,0.275924,0.771826,0.0105821,-0.00239948,0.998714,-0.0495165
220,0.0179268,0.27432,0.766883,0.0172882,0.00239643,0.998651,-0.0489104
221,0.0170991,0.2728,0.762866,0.0151261,0.00406758,0.99871,-0.0482954
222,0.0165544,0.270895,0.759837,0.0148697,0.00386521,0.998789,-0.0467419
223,0.0165509,0.269226,0.755613,0.0240278,0.00533999,0.998536,-0.0481621
224,0.0162904,0.268156,0.752606,0.0356012,0.00871926,0.998054,-0.0504451
225,0.0167317,0.266777,0.746726,0.0473659,0.0191946,0.997394,-0.0509246
226,0.0169729,0.266282,0.744219,0.0529067,0.0258557,0.996947,-0.0512756
227,0.018176,0.265283,0.741193,0.056319,0.0280937,0.996775,-0.049794
228,0.0194399,0.264952,0.742736,0.0502132,0.0255186,0.997198,-0.0492319
229,0.0213182,0.263812,0.743195,0.0441165,0.0210742,0.997693,-0.0470985
230,0.0229193,0.263443,0.74647,0.036989,0.0148548,0.998174,-0.0453926
231,0.0249017,0.262911,0.748766,0.033941,0.00966647,0.998399,-0.0442072
232,0.0264009,0.26246,0.750693,0.0344134,0.00782416,0.998427,-0.0435575
233,0.0278734,0.261518,0.751339,0.0332652,0.010422,0.998495,-0.0423332
234,0.0295656,0.259385,0.751333,0.0271666,0.0126714,0.998714,-0.0408755
235,0.0308445,0.257284,0.753792,0.0142199,0.0116001,0.999013,-0.0404593
236,0.0318506,0.25448,0.753335,0.00647335,0.00707208,0.999132,-0.0405406
237,0.0326017,0.252142,0.755658,-0.00261178,0.00596229,0.999114,-0.0415732
238,0.0339328,0.24911,0.757001,-0.00800543,0.00280182,0.999107,-0.0413952
239,0.0346017,0.245958,0.758801,-0.014514,0.0017963,0.999041,-0.0412735
240,0.0349874,0.242721,0.759887,-0.0214693,0.00426298,0.998914,-0.041132
241,0.0348982,0.240051,0.761996,-0.0274675,0.00275423,0.998701,-0.0428394
242,0.0345673,0.238939,0.763561,-0.0294367,0.000852319,0.998497,-0.0462189
243,0.0339193,0.240772,0.765529,-0.0313849,-0.000483511,0.998281,-0.0494861
244,0.0320013,0.245871,0.766389,-0.0330929,-0.000586967,0.998,-0.0538563
245,0.0285586,0.252429,0.768161,-0.0401682,0.00225696,0.997513,-0.0578782
246,0.0252718,0.259429,0.767415,-0.0443249,0.00311589,0.997251,-0.0592949
247,0.0212381,0.266635,0.769757,-0.0502294,-0.00475107,0.996949,-0.0595661
248,0.0147362,0.274269,0.771139,-0.0564341,-0.00572315,0.99672,-0.0577157
249,0.00436533,0.283228,0.772274,-0.0600845,-0.00817923,0.996514,-0.0572938
250,-0.00892376,0.291489,0.773449,-0.0605531,-0.00828139,0.9964,-0.0587486
251,-0.0251968,0.297615,0.775512,-0.0609061,-0.0125719,0.996137,-0.0619899
252,-0.0421767,0.300056,0.774532,-0.0570103,-0.012813,0.99631,-0.0628726
253,-0.0588048,0.300339,0.773811,-0.0531242,-0.0104316,0.996575,-0.062511
254,-0.0747349,0.298809,0.773207,-0.0493616,-0.0117627,0.996891,-0.0602827
255,-0.091754,0.296488,0.773543,-0.0466309,-0.0164348,0.996989,-0.0597324
256,-0.109436,0.294057,0.775272,-0.0515206,-0.0184646,0.996628,-0.0611272
257,-0.124437,0.290139,0.77147,-0.0493317,-0.0105542,0.997044,-0.0579549
258,-0.138902,0.287577,0.769992,-0.0496886,-0.0118573,0.996993,-0.0582767
259,-0.152512,0.285876,0.76885,-0.0488445,-0.0103527,0.997096,-0.0574946
260,-0.16491,0.284927,0.766957,-0.0460058,-0.0108661,0.997268,-0.0567621
261,-0.176536,0.284542,0.766173,-0.0442032,-0.00840274,0.997468,-0.0550797
262,-0.187464,0.285236,0.765102,-0.0444667,-0.00414715,0.99758,-0.0532845
263,-0.197376,0.286525,0.763322,-0.0452774,-0.00281071,0.99765,-0.0513411
264,-0.207308,0.288487,0.762822,-0.0460639,-0.00274825,0.997677,-0.0501027
265,-0.215812,0.289882,0.760163,-0.0430351,-0.00165794,0.997935,-0.0476592
266,-0.225224,0.291726,0.760928,-0.0448859,-0.00228551,0.99791,-0.0464281
267,-0.2341,0.29312,0.759716,-0.0458727,-0.000296284,0.997905,-0.0456312
268,-0.243177,0.294518,0.759142,-0.0443669,-0.00298087,0.997955,-0.0459127
269,-0.252889,0.296306,0.759555,-0.044718,-0.00283439,0.997909,-0.0465922
270,-0.261929,0.298479,0.757787,-0.0435191,-0.00230913,0.99795,-0.046864
271,-0.271954,0.301847,0.758694,-0.0468264,-0.00436651,0.997688,-0.0490524
272,-0.279591,0.303511,0.75567,-0.047541,-0.00490254,0.997681,-0.0484593
273,-0.286382,0.305282,0.751058,-0.0478891,-0.00457019,0.997671,-0.0483487
274,-0.29394,0.30742,0.749956,-0.0537935,-0.00592136,0.997383,-0.0479349
275,-0.300608,0.309419,0.74928,-0.0598394,-0.00641637,0.997078,-0.0470405
276,-0.305572,0.310404,0.746496,-0.0604627,-0.00799548,0.997107,-0.0453704
277,-0.311687,0.311913,0.745679,-0.0606981,-0.00843102,0.997202,-0.0428189
278,-0.317806,0.313622,0.743468,-0.0562672,-0.00938577,0.99752,-0.041223
279,-0.325433,0.315694,0.743262,-0.0564843,-0.00981058,0.997529,-0.0405987
280,-0.333039,0.317076,0.741262,-0.0538746,-0.00981048,0.997698,-0.0400028
281,-0.341546,0.318777,0.73891,-0.0502729,-0.00866817,0.997887,-0.0402394
282,-0.350534,0.320795,0.73574,-0.0482499,-0.00176855,0.998025,-0.0401959
283,-0.36046,0.323205,0.733271,-0.0460654,0.00121745,0.998069,-0.0416453
284,-0.369826,0.325447,0.730765,-0.0425,0.00198129,0.998189,-0.0425181
285,-0.378075,0.327077,0.728813,-0.0405536,-0.00153133,0.998236,-0.0433462
286,-0.386791,0.329074,0.728261,-0.0397707,-0.000840124,0.998286,-0.0429261
287,-0.39545,0.33122,0.728715,-0.0368136,-0.0002313,0.998442,-0.0419364
288,-0.402895,0.333266,0.727685,-0.0326114,0.000177793,0.998584,-0.0420226
289,-0.410572,0.334863,0.727668,-0.0282926,4.00772E-05,0.998662,-0.0432762
290,-0.417081,0.335328,0.727108,-0.0253174,0.00284642,0.99867,-0.0448206
291,-0.423284,0.335457,0.726758,-0.0233432,0.00584789,0.998622,-0.0466301
292,-0.428753,0.335906,0.726087,-0.024668,0.00582695,0.9985,-0.0485302
293,-0.435806,0.336262,0.726091,-0.0273402,0.00766242,0.998363,-0.0496472
294,-0.442656,0.336034,0.726268,-0.0357431,0.00873155,0.99802,-0.0510171
295,-0.449936,0.335878,0.727001,-0.042325,0.00946375,0.997786,-0.0504205
296,-0.459578,0.335984,0.72941,-0.0453766,0.0102239,0.997678,-0.0497598
297,-0.484325,0.339305,0.750239,-0.0632285,0.00158286,0.996223,-0.0594976
298,-0.492532,0.339317,0.743425,-0.0598953,0.0102943,0.996357,-0.0598257
299,-0.504237,0.340574,0.745367,-0.0616153,0.0086866,0.996203,-0.0608962
300,-0.515578,0.342395,0.744866,-0.0676831,0.0163062,0.995711,-0.0609313
301,-0.526438,0.343902,0.749849,-0.0665481,0.000495563,0.995493,-0.0675682
302,-0.56515,0.352347,0.786614,-0.108156,0.00983024,0.991487,-0.0718224
303,-0.571546,0.354357,0.78781,-0.111102,0.0071037,0.991283,-0.0704483
304,-0.555348,0.352551,0.765872,-0.0720072,0.00245265,0.995647,-0.0591187
305,-0.585142,0.360508,0.800497,-0.097617,0.00450211,0.993428,-0.0596019
306,-0.567755,0.358286,0.776706,-0.0648057,0.00100737,0.996278,-0.05682
307,-0.572374,0.360742,0.781004,-0.0538185,-0.00468812,0.996938,-0.0565337
308,-0.615978,0.372359,0.825649,-0.0921062,0.00608459,0.993718,-0.0632768
309,-0.587243,0.365676,0.792997,-0.0473608,-0.00683054,0.997462,-0.0527276
310,-0.597637,0.367963,0.799333,-0.0467763,-0.00375684,0.997424,-0.0542603
311,-0.632631,0.376547,0.831975,-0.0864555,0.0088745,0.994456,-0.0591883
312,-0.605063,0.371935,0.791026,-0.0363006,0.00162553,0.997602,-0.0588998
313,-0.63799,0.384716,0.817296,-0.0819355,0.028208,0.994385,-0.0607336
314,-0.641009,0.391564,0.818089,-0.0782293,0.0204559,0.994593,-0.0651706
315,-0.647261,0.400903,0.822786,-0.0894821,0.019769,0.993302,-0.0703766
316,-0.637971,0.408209,0.80973,-0.0780168,0.0262496,0.994479,-0.065089
317,-0.640582,0.4201,0.818258,-0.0892251,0.0118821,0.993656,-0.067425
318,-0.627819,0.429753,0.797464,-0.571358,0.232303,0.786243,-0.0375227
319,-0.602198,0.434106,0.773461,-0.0166868,0.050896,0.997965,-0.0346012
320,-0.612574,0.450255,0.788733,-0.576392,0.222031,0.785407,-0.0401246
321,-0.609739,0.460123,0.805945,-0.104488,0.0211557,0.992899,-0.0527836
322,-0.587653,0.460077,0.786594,-0.0786187,0.0258332,0.995697,-0.0416948
323,-0.583043,0.463186,0.783562,-0.0897422,0.0295027,0.994632,-0.0422377
324,-0.578061,0.464112,0.783193,-0.0870287,0.0219592,0.995299,-0.0363907
325,-0.57397,0.464223,0.77702,-0.0836884,0.0169518,0.995585,-0.0389698
326,-0.562514,0.461858,0.761845,-0.0535718,0.0361652,0.997778,-0.0161534
327,-0.572985,0.467354,0.772966,-0.0979289,0.02616,0.994179,-0.0365258
328,-0.561744,0.466331,0.7605,-0.077971,0.0279224,0.996198,-0.0270302
329,-0.561744,0.466331,0.7605,-0.077971,0.0279224,0.996198,-0.0270302
330,-0.561744,0.466331,0.7605,-0.077971,0.0279224,0.996198,-0.0270302
331,-0.561744,0.466331,0.7605,-0.077971,0.0279224,0.996198,-0.0270302
332,-0.561744,0.466331,0.7605,-0.077971,0.0279224,0.996198,-0.0270302
333,-0.561744,0.466331,0.7605,-0.077971,0.0279224,0.996198,-0.0270302
334,-0.561744,0.466331,0.7605,-0.077971,0.0279224,0.996198,-0.0270302
335,-0.561744,0.466331,0.7605,-0.077971,0.0279224,0.996198,-0.0270302
336,-0.561744,0.466331,0.7605,-0.077971,0.0279224,0.996198,-0.0270302
337,-0.561744,0.466331,0.7605,-0.077971,0.0279224,0.996198,-0.0270302
338,-0.561744,0.466331,0.7605,-0.077971,0.0279224,0.996198,-0.0270302
339,-0.561744,0.466331,0.7605,-0.077971,0.0279224,0.996198,-0.0270302
340,-0.561744,0.466331,0.7605,-0.077971,0.0279224,0.996198,-0.0270302
341,-0.561744,0.466331,0.7605,-0.077971,0.0279224,0.996198,-0.0270302
342,-0.561744,0.466331,0.7605,-0.077971,0.0279224,0.996198,-0.0270302
343,-0.561744,0.466331,0.7605,-0.077971,0.0279224,0.996198,-0.0270302
344,-0.561744,0.466331,0.7605,-0.077971,0.0279224,0.996198,-0.0270302
345,-0.561744,0.466331,0.7605,-0.077971,0.0279224,0.996198,-0.0270302
346,-0.561744,0.466331,0.7605,-0.077971,0.0279224,0.996198,-0.0270302
347,-0.561744,0.466331,0.7605,-0.077971,0.0279224,0.996198,-0.0270302
348,-0.561744,0.466331,0.7605,-0.077971,0.0279224,0.996198,-0.0270302
349,-0.381003,0.479237,0.703327,-0.0545617,0.0228574,0.997772,-0.0308439
350,-0.368528,0.476912,0.701452,-0.0496774,0.0316823,0.99794,-0.0253605
351,-0.360488,0.475618,0.700233,-0.0591005,0.0386093,0.99701,-0.0314225
352,-0.356638,0.476455,0.710204,-0.0581229,0.0237192,0.997205,-0.0405157
353,-0.346925,0.475777,0.709816,-0.0592935,0.0312408,0.996914,-0.0408739
354,-0.339492,0.47533,0.71586,-0.0551462,0.028141,0.997143,-0.0432697
355,-0.330974,0.474863,0.717383,-0.0611395,0.0338002,0.996597,-0.0437453
356,-0.323137,0.475205,0.721758,-0.0554256,0.0324285,0.996987,-0.0435041
357,-0.314311,0.475028,0.725301,-0.0554312,0.0356758,0.996882,-0.0433597
358,-0.304008,0.47422,0.729591,-0.0477207,0.0284158,0.997515,-0.0433452
359,-0.293062,0.473518,0.727769,-0.0433802,0.0396409,0.99736,-0.0426595
360,-0.282961,0.472905,0.732153,-0.0468292,0.0329129,0.997354,-0.0448089
361,-0.27173,0.471531,0.73369,-0.0434062,0.0304563,0.997528,-0.0461085
362,-0.260453,0.470037,0.734937,-0.0441309,0.0300175,0.997435,-0.0476905
363,-0.249594,0.468652,0.737359,-0.0431271,0.0244149,0.99757,-0.0489753
364,-0.239834,0.468505,0.741177,-0.0492845,0.0283672,0.997169,-0.0491986
365,-0.229322,0.467178,0.742486,-0.0481565,0.0263926,0.997252,-0.0497269
366,-0.219354,0.465791,0.744804,-0.0502217,0.0218383,0.997306,-0.0487916
367,-0.210033,0.464412,0.744633,-0.048753,0.0208541,0.99739,-0.0489988
368,-0.201672,0.463683,0.745021,-0.0507649,0.0221048,0.997173,-0.0507894
369,-0.192978,0.464029,0.746027,-0.0502149,0.0194367,0.997181,-0.0522539
370,-0.182939,0.464685,0.745426,-0.0513243,0.0209474,0.997154,-0.0511024
371,-0.172228,0.4654,0.744058,-0.051436,0.0202584,0.99728,-0.0487577
372,-0.161838,0.466915,0.743276,-0.0540678,0.0238765,0.997174,-0.0463765
373,-0.151551,0.4684,0.743078,-0.0594679,0.0226075,0.996852,-0.0473231
374,-0.140704,0.468653,0.742173,-0.0621267,0.021494,0.99671,-0.0474089
375,-0.130035,0.468913,0.742546,-0.0685877,0.0236778,0.996128,-0.0496482
376,-0.117707,0.466971,0.741184,-0.0679534,0.0227745,0.996248,-0.0485104
377,-0.106571,0.465059,0.74172,-0.0697743,0.0229377,0.9961,-0.0488876
378,-0.0957262,0.463039,0.743507,-0.0725745,0.0221433,0.995864,-0.0499669
379,-0.0843159,0.460656,0.742055,-0.0701437,0.0248657,0.996019,-0.0490754
380,-0.0734923,0.460154,0.742444,-0.0692751,0.0265951,0.996052,-0.0487297
381,-0.0629726,0.460709,0.743362,-0.0668539,0.0296662,0.996177,-0.0477654
382,-0.0525677,0.460721,0.74548,-0.0639709,0.0317511,0.996363,-0.046485
383,-0.0420891,0.458674,0.744942,-0.0567595,0.0347782,0.996797,-0.0443287
384,-0.0335754,0.457595,0.747155,-0.0563551,0.0386143,0.99668,-0.0442846
385,-0.0257102,0.456091,0.748689,-0.0564259,0.0360481,0.996778,-0.0441576
386,-0.0184821,0.455164,0.749299,-0.0577896,0.0365891,0.996726,-0.0431221
387,-0.0110787,0.454342,0.749082,-0.0572601,0.0368291,0.996836,-0.0410259
388,-0.00366165,0.4535,0.748632,-0.0575486,0.0350931,0.996936,-0.0396824
389,0.00343403,0.452297,0.748218,-0.0597007,0.0383148,0.996775,-0.0375215
390,0.0104083,0.449967,0.747972,-0.0585139,0.0377179,0.996954,-0.0351711
391,0.0162081,0.44754,0.749367,-0.0591396,0.0401974,0.996872,-0.0336484
392,0.0211944,0.443098,0.74972,-0.0571012,0.0412013,0.997031,-0.0311629
393,0.0248032,0.43758,0.750939,-0.0579453,0.0432125,0.996905,-0.0309219
394,0.0267028,0.43042,0.753226,-0.0555158,0.0427447,0.997062,-0.0309504
395,0.0276156,0.42205,0.754823,-0.0529507,0.0398072,0.997331,-0.0306974
396,0.0285745,0.413503,0.755708,-0.053706,0.0402571,0.997278,-0.0305168
397,0.0294962,0.404214,0.758472,-0.0556885,0.0398918,0.997137,-0.0320181
398,0.0309398,0.392196,0.75987,-0.0560163,0.0457458,0.996812,-0.0337013
399,0.0324729,0.378845,0.762052,-0.0551115,0.0449778,0.996793,-0.0366402
400,0.033676,0.365107,0.763402,-0.0538611,0.0464627,0.996726,-0.0384336
401,0.0349624,0.351495,0.76243,-0.0492199,0.0456242,0.997047,-0.0373273
402,0.0354732,0.34008,0.764693,-0.0501218,0.0409833,0.997236,-0.0364571
403,0.0364623,0.329084,0.761919,-0.0487267,0.0413098,0.997393,-0.0335693
404,0.0362749,0.319991,0.760824,-0.0509646,0.0371345,0.997508,-0.0316485
405,0.0341303,0.312456,0.761978,-0.056976,0.0266924,0.997488,-0.0325316
406,0.0312596,0.304612,0.76012,-0.0596477,0.0238234,0.997373,-0.033493
407,0.0281025,0.299547,0.758622,-0.0637801,0.023539,0.997072,-0.0349937
408,0.0249662,0.294897,0.755529,-0.0654845,0.0305931,0.996594,-0.0396975
409,0.0213865,0.291494,0.75271,-0.0676121,0.0359981,0.995948,-0.0471241
410,0.0163562,0.289555,0.752586,-0.0665313,0.0263206,0.996626,-0.0402144
411,0.0128886,0.289619,0.760251,-0.0757404,-0.000561764,0.996925,-0.020105
412,0.0133419,0.294721,0.774707,-0.110029,-0.0118666,0.993769,0.0132329
